Name,Phone,Email,Salary
Pooja Verma,9986331670,poojaverma176@yahoo.com,125139
Neha Yadav,9157655564,nehayadav523@outlook.com,142849
Amit Singh,9152120463,amitsingh73@yahoo.com,129673
Rohit Patel,9749454434,rohitpatel890@gmail.com,87540
Amit Joshi,9801169075,amitjoshi869@outlook.com,49767
Rohit Singh,9921817435,rohitsingh616@gmail.com,121406
Vikas Gupta,9446701096,vikasgupta254@yahoo.com,38049
Anjali Joshi,9249310973,anjalijoshi844@yahoo.com,40444
Rohit Gupta,9428183252,rohitgupta149@outlook.com,47909
Karan Desai,9616841249,karandesai522@yahoo.com,107371
Karan Joshi,9317348808,karanjoshi423@gmail.com,117229
Karan Yadav,9685276005,karanyadav565@gmail.com,43606
Rohit Joshi,9670100512,rohitjoshi143@outlook.com,46270
Karan Joshi,9547220459,karanjoshi99@yahoo.com,94495
Priya Verma,9845607136,priyaverma733@gmail.com,148032
Anjali Sharma,9087879170,anjalisharma468@yahoo.com,79699
Amit Verma,9497151052,amitverma227@yahoo.com,106452
Priya Singh,9151735181,priyasingh990@gmail.com,70867
Neha Joshi,9433949185,nehajoshi886@yahoo.com,36520
Karan Gupta,9697194248,karangupta119@outlook.com,31568
Pooja Kumar,9500812397,poojakumar386@outlook.com,104397
Priya Yadav,9535461557,priyayadav809@gmail.com,124233
Sneha Mehta,9954093692,snehamehta904@gmail.com,80314
Anjali Yadav,9399147468,anjaliyadav703@yahoo.com,54692
Anjali Desai,9854658350,anjalidesai990@yahoo.com,129685
Rohit Verma,9792873810,rohitverma992@gmail.com,100967
Sneha Sharma,9737393119,snehasharma435@outlook.com,79220
Karan Kumar,9898763475,karankumar463@gmail.com,37595
Karan Desai,9267321060,karandesai862@outlook.com,81887
Rohit Sharma,9117016482,rohitsharma175@yahoo.com,61735
Amit Patel,9339470686,amitpatel906@gmail.com,94758
Pooja Sharma,9277107744,poojasharma131@yahoo.com,135851
Rahul Kumar,9304569275,rahulkumar511@outlook.com,106402
Sneha Patel,9027484581,snehapatel791@gmail.com,46532
Pooja Patel,9026942675,poojapatel5@outlook.com,123355
Anjali Gupta,9046144445,anjaligupta272@outlook.com,97149
Pooja Yadav,9064318871,poojayadav909@gmail.com,147428
Priya Kumar,9553583213,priyakumar904@gmail.com,138113
Rohit Gupta,9499728900,rohitgupta492@gmail.com,64074
Rahul Verma,9587236628,rahulverma403@outlook.com,134421
Anjali Yadav,9947549401,anjaliyadav786@outlook.com,101241
Sneha Mehta,9196318665,snehamehta999@outlook.com,66763
Anjali Yadav,9441081726,anjaliyadav797@outlook.com,96961
Amit Kumar,9702616024,amitkumar730@gmail.com,81514
Priya Verma,9476138433,priyaverma787@gmail.com,125917
Amit Joshi,9409476319,amitjoshi201@yahoo.com,54595
Amit Kumar,9571859564,amitkumar825@gmail.com,142343
Karan Gupta,9883990784,karangupta980@gmail.com,42624
Karan Joshi,9741260577,karanjoshi145@gmail.com,80491
Rohit Patel,9617824348,rohitpatel376@outlook.com,107953
Neha Kumar,9022117500,nehakumar268@outlook.com,124029
Rohit Kumar,9446498330,rohitkumar616@gmail.com,71564
Amit Desai,9503365271,amitdesai952@outlook.com,99191
Amit Singh,9842978962,amitsingh453@gmail.com,65944
Vikas Verma,9950412521,vikasverma291@outlook.com,57029
Sneha Desai,9819042969,snehadesai993@outlook.com,56008
Pooja Kumar,9450418612,poojakumar815@outlook.com,136010
Neha Sharma,9841430835,nehasharma942@yahoo.com,88558
Priya Desai,9556421243,priyadesai114@yahoo.com,34192
Vikas Desai,9431415340,vikasdesai310@gmail.com,85223
Sneha Joshi,9967141135,snehajoshi403@yahoo.com,39075
Karan Gupta,9075650257,karangupta198@gmail.com,57389
Amit Mehta,9317916085,amitmehta451@gmail.com,116295
Sneha Sharma,9859344310,snehasharma936@gmail.com,112247
Karan Verma,9789204657,karanverma509@yahoo.com,135409
Rohit Sharma,9342198042,rohitsharma211@outlook.com,119334
Anjali Yadav,9644167159,anjaliyadav324@outlook.com,114747
Rohit Mehta,9484401910,rohitmehta406@gmail.com,113043
Amit Yadav,9895274431,amityadav827@outlook.com,60064
Anjali Joshi,9798384181,anjalijoshi35@yahoo.com,75137
Anjali Joshi,9781137800,anjalijoshi269@outlook.com,128694
Pooja Gupta,9956495239,poojagupta161@gmail.com,131134
Sneha Sharma,9494127703,snehasharma422@yahoo.com,68539
Priya Yadav,9425699242,priyayadav854@gmail.com,96951
Pooja Patel,9460816240,poojapatel523@yahoo.com,47790
Rohit Kumar,9315131328,rohitkumar428@outlook.com,94722
Amit Yadav,9952873053,amityadav468@outlook.com,31467
Pooja Kumar,9500301513,poojakumar460@yahoo.com,75606
Rahul Desai,9399319364,rahuldesai899@gmail.com,117411
Karan Singh,9945602860,karansingh523@gmail.com,86118
Sneha Kumar,9962534172,snehakumar729@outlook.com,64112
Karan Singh,9051434812,karansingh878@yahoo.com,74801
Karan Yadav,9811119435,karanyadav491@outlook.com,86244
Anjali Kumar,9536166125,anjalikumar119@gmail.com,36430
Anjali Patel,9951654674,anjalipatel436@outlook.com,60001
Rahul Mehta,9953668153,rahulmehta727@gmail.com,97975
Rohit Yadav,9372748115,rohityadav372@yahoo.com,122264
Rohit Kumar,9758442903,rohitkumar278@outlook.com,84585
Neha Singh,9126651884,nehasingh113@gmail.com,112788
Sneha Joshi,9736857244,snehajoshi524@outlook.com,138093
Rohit Patel,9221799345,rohitpatel540@yahoo.com,67350
Priya Kumar,9877180116,priyakumar614@gmail.com,134202
Sneha Joshi,9333810038,snehajoshi426@gmail.com,101512
Priya Kumar,9862684797,priyakumar587@gmail.com,117359
Sneha Mehta,9211297614,snehamehta33@outlook.com,75437
Vikas Desai,9937211320,vikasdesai900@outlook.com,30776
Pooja Kumar,9408927250,poojakumar804@yahoo.com,48657
Anjali Kumar,9771026347,anjalikumar940@yahoo.com,142316
Rahul Yadav,9960505670,rahulyadav499@gmail.com,128517
Anjali Mehta,9050896636,anjalimehta255@gmail.com,142898
Amit Sharma,9893580285,amitsharma751@gmail.com,58392
Anjali Gupta,9304852349,anjaligupta284@outlook.com,79224
Sneha Sharma,9834438373,snehasharma947@outlook.com,44149
Vikas Mehta,9989936347,vikasmehta414@yahoo.com,102906
Sneha Yadav,9170540268,snehayadav838@gmail.com,51986
Neha Desai,9735600023,nehadesai215@outlook.com,41559
Rohit Gupta,9597385018,rohitgupta112@outlook.com,99710
Pooja Joshi,9286148488,poojajoshi552@outlook.com,92587
Anjali Kumar,9665922489,anjalikumar269@gmail.com,68327
Priya Kumar,9000188812,priyakumar70@gmail.com,98643
Rohit Sharma,9515721484,rohitsharma452@outlook.com,110211
Karan Sharma,9548736791,karansharma285@outlook.com,56335
Rohit Patel,9292112015,rohitpatel703@outlook.com,108951
Pooja Kumar,9492669856,poojakumar24@gmail.com,67071
Neha Mehta,9436675270,nehamehta720@yahoo.com,69604
Pooja Verma,9230866792,poojaverma117@outlook.com,129687
Rahul Kumar,9678573927,rahulkumar102@yahoo.com,94564
Amit Desai,9104715518,amitdesai31@outlook.com,140046
Pooja Sharma,9087956852,poojasharma33@gmail.com,139739
Vikas Yadav,9406015260,vikasyadav691@outlook.com,133906
Anjali Kumar,9627952994,anjalikumar82@yahoo.com,71000
Sneha Sharma,9362152363,snehasharma613@gmail.com,125483
Rahul Patel,9205063175,rahulpatel435@yahoo.com,101147
Amit Patel,9403960433,amitpatel267@yahoo.com,146338
Rahul Sharma,9007144934,rahulsharma691@gmail.com,40452
Karan Patel,9756250986,karanpatel154@yahoo.com,149333
Amit Kumar,9192996541,amitkumar513@yahoo.com,73200
Karan Desai,9991952222,karandesai312@outlook.com,64075
Amit Gupta,9171228185,amitgupta570@yahoo.com,47282
Karan Kumar,9186891389,karankumar59@yahoo.com,40457
Vikas Verma,9209177401,vikasverma276@yahoo.com,77064
Anjali Singh,9042874381,anjalisingh690@outlook.com,30753
Priya Verma,9941136867,priyaverma29@yahoo.com,117275
Amit Yadav,9216579862,amityadav338@outlook.com,34455
Neha Yadav,9629434549,nehayadav257@outlook.com,85134
Rahul Joshi,9699363634,rahuljoshi272@yahoo.com,139431
Vikas Mehta,9634766772,vikasmehta660@outlook.com,30147
Rohit Sharma,9303123711,rohitsharma830@outlook.com,31270
Priya Singh,9462844958,priyasingh525@yahoo.com,117304
Anjali Desai,9293622024,anjalidesai494@outlook.com,113076
Amit Sharma,9380373079,amitsharma254@yahoo.com,95614
Priya Singh,9826341260,priyasingh679@outlook.com,128339
Neha Yadav,9485420259,nehayadav271@yahoo.com,68196
Vikas Yadav,9586523615,vikasyadav45@yahoo.com,142376
Rahul Desai,9032950184,rahuldesai734@outlook.com,128615
Rohit Singh,9861351796,rohitsingh98@yahoo.com,132025
Rohit Gupta,9965442949,rohitgupta41@gmail.com,60015
Neha Joshi,9157743312,nehajoshi983@gmail.com,128114
Anjali Mehta,9634413711,anjalimehta760@gmail.com,66708
Rohit Gupta,9111150893,rohitgupta337@outlook.com,92094
Karan Joshi,9046233977,karanjoshi500@yahoo.com,56039
Priya Kumar,9723946225,priyakumar329@outlook.com,74733
Anjali Verma,9210509659,anjaliverma464@gmail.com,141479
Rahul Mehta,9061266327,rahulmehta456@outlook.com,36497
Pooja Singh,9961613209,poojasingh904@outlook.com,66714
Rohit Sharma,9858741271,rohitsharma795@outlook.com,99395
Sneha Patel,9963484919,snehapatel986@yahoo.com,147650
Priya Sharma,9640956301,priyasharma535@gmail.com,78282
Anjali Desai,9818299092,anjalidesai74@outlook.com,130591
Sneha Verma,9842138114,snehaverma823@yahoo.com,122660
Amit Verma,9890753771,amitverma183@outlook.com,41451
Neha Patel,9724660200,nehapatel274@yahoo.com,119044
Priya Kumar,9970528175,priyakumar555@outlook.com,38355
Neha Sharma,9669674247,nehasharma330@yahoo.com,131937
Anjali Sharma,9110408530,anjalisharma641@yahoo.com,142560
Pooja Joshi,9655631871,poojajoshi812@outlook.com,106312
Amit Gupta,9806325667,amitgupta503@outlook.com,38428
Amit Kumar,9031773804,amitkumar940@outlook.com,89347
Sneha Mehta,9296044460,snehamehta81@outlook.com,117161
Amit Sharma,9329601536,amitsharma320@yahoo.com,130642
Priya Sharma,9149032568,priyasharma631@outlook.com,71117
Amit Patel,9362555655,amitpatel464@yahoo.com,41941
Sneha Mehta,9377847094,snehamehta578@yahoo.com,64876
Rohit Sharma,9632207222,rohitsharma114@outlook.com,113283
Neha Verma,9877145545,nehaverma212@outlook.com,81204
Rohit Verma,9575943641,rohitverma101@gmail.com,30620
Pooja Singh,9401212882,poojasingh438@yahoo.com,139470
Rohit Kumar,9288301087,rohitkumar452@yahoo.com,134151
Anjali Sharma,9299561444,anjalisharma741@outlook.com,40615
Pooja Kumar,9500921652,poojakumar492@yahoo.com,119997
Karan Kumar,9938381894,karankumar36@outlook.com,38569
Neha Mehta,9131367693,nehamehta970@outlook.com,34282
Rohit Yadav,9671921656,rohityadav712@gmail.com,44658
Karan Kumar,9293513707,karankumar84@outlook.com,67270
Priya Gupta,9845562466,priyagupta870@outlook.com,72651
Amit Verma,9433235560,amitverma46@gmail.com,67336
Sneha Gupta,9207117328,snehagupta437@outlook.com,121175
Rohit Singh,9611258181,rohitsingh461@yahoo.com,65454
Pooja Kumar,9615083971,poojakumar732@outlook.com,39414
Rohit Patel,9742537183,rohitpatel917@outlook.com,101757
Rahul Yadav,9129655336,rahulyadav49@outlook.com,93479
Neha Singh,9823300659,nehasingh150@gmail.com,90213
Pooja Kumar,9705178748,poojakumar749@outlook.com,117563
Priya Singh,9503138317,priyasingh282@yahoo.com,145674
Vikas Mehta,9746575355,vikasmehta580@yahoo.com,146527
Neha Joshi,9246010206,nehajoshi983@outlook.com,89156
Rahul Kumar,9696698942,rahulkumar867@gmail.com,63140
Rohit Patel,9604698842,rohitpatel952@yahoo.com,91342
Rahul Gupta,9514374033,rahulgupta358@outlook.com,81013
Sneha Sharma,9430971070,snehasharma865@outlook.com,94126
Rohit Gupta,9732589192,rohitgupta566@yahoo.com,74711
Pooja Joshi,9393402403,poojajoshi684@yahoo.com,69993
Rahul Kumar,9663947417,rahulkumar365@gmail.com,140944
Rahul Joshi,9865245578,rahuljoshi236@gmail.com,52679
Amit Desai,9618617592,amitdesai109@outlook.com,52380
Anjali Patel,9728762251,anjalipatel474@gmail.com,90578
Pooja Mehta,9507964296,poojamehta88@gmail.com,50481
Anjali Joshi,9167442807,anjalijoshi107@outlook.com,96520
Priya Gupta,9706380777,priyagupta264@outlook.com,58359
Vikas Sharma,9223901881,vikassharma117@gmail.com,127626
Amit Verma,9213284610,amitverma185@outlook.com,61288
Rohit Patel,9101578291,rohitpatel375@yahoo.com,138534
Priya Joshi,9370627058,priyajoshi336@gmail.com,67969
Rahul Verma,9160106806,rahulverma123@yahoo.com,43105
Rohit Mehta,9538614218,rohitmehta954@yahoo.com,98848
Neha Yadav,9621202445,nehayadav466@outlook.com,127051
Anjali Mehta,9925211367,anjalimehta206@outlook.com,139897
Rohit Singh,9582386364,rohitsingh371@yahoo.com,94747
Vikas Kumar,9080492646,vikaskumar203@yahoo.com,133371
Neha Yadav,9099592120,nehayadav583@yahoo.com,139107
Rohit Verma,9510855807,rohitverma355@gmail.com,95633
Pooja Sharma,9619432331,poojasharma603@yahoo.com,53018
Vikas Desai,9564428359,vikasdesai769@gmail.com,149282
Rohit Kumar,9666785805,rohitkumar985@yahoo.com,99226
Amit Sharma,9962209155,amitsharma982@outlook.com,66010
Karan Gupta,9976479665,karangupta619@yahoo.com,64554
Pooja Patel,9236671517,poojapatel283@yahoo.com,146038
Amit Desai,9220244590,amitdesai16@gmail.com,31270
Pooja Kumar,9105104074,poojakumar830@outlook.com,107412
Neha Joshi,9549649597,nehajoshi486@yahoo.com,149206
Vikas Desai,9919810154,vikasdesai774@gmail.com,118864
Amit Singh,9200979172,amitsingh840@outlook.com,35576
Neha Desai,9224790322,nehadesai523@outlook.com,36394
Rohit Yadav,9997360917,rohityadav175@outlook.com,130386
Priya Patel,9690460944,priyapatel419@gmail.com,139692
Vikas Kumar,9951665006,vikaskumar319@outlook.com,66397
Pooja Singh,9486532758,poojasingh763@outlook.com,148386
Vikas Gupta,9779893495,vikasgupta686@yahoo.com,126585
Anjali Kumar,9720147953,anjalikumar91@outlook.com,56461
Amit Desai,9295877882,amitdesai712@yahoo.com,99018
Karan Yadav,9736380715,karanyadav747@yahoo.com,124650
Amit Kumar,9911652295,amitkumar201@outlook.com,95098
Amit Yadav,9433566855,amityadav267@gmail.com,147460
Karan Yadav,9779004057,karanyadav851@outlook.com,62901
Rohit Singh,9639405767,rohitsingh632@gmail.com,35233
Rohit Singh,9375650506,rohitsingh800@yahoo.com,33200
Neha Desai,9078078783,nehadesai867@yahoo.com,62024
Vikas Yadav,9646202033,vikasyadav49@outlook.com,30498
Vikas Gupta,9681872689,vikasgupta56@yahoo.com,45544
Neha Yadav,9858311596,nehayadav287@gmail.com,134260
Priya Joshi,9909696874,priyajoshi456@yahoo.com,63308
Amit Mehta,9696101433,amitmehta492@yahoo.com,115392
Rohit Kumar,9202562277,rohitkumar159@outlook.com,136931
Vikas Gupta,9285780458,vikasgupta715@outlook.com,135140
Anjali Desai,9362188514,anjalidesai486@yahoo.com,140520
Priya Sharma,9200377030,priyasharma471@outlook.com,59590
Amit Patel,9624939227,amitpatel987@outlook.com,107779
Neha Mehta,9982601530,nehamehta711@outlook.com,94702
Sneha Patel,9879129805,snehapatel927@yahoo.com,93773
Sneha Singh,9809763047,snehasingh673@yahoo.com,77728
Karan Yadav,9995264118,karanyadav863@yahoo.com,51637
Neha Kumar,9662005403,nehakumar562@gmail.com,75588
Anjali Yadav,9619355274,anjaliyadav965@outlook.com,119462
Sneha Desai,9281442286,snehadesai608@yahoo.com,71724
Vikas Patel,9122909670,vikaspatel582@outlook.com,132088
Rohit Yadav,9113083668,rohityadav189@gmail.com,69066
Pooja Gupta,9834057959,poojagupta150@yahoo.com,50324
Neha Desai,9358350823,nehadesai59@gmail.com,72800
Pooja Patel,9622276217,poojapatel205@yahoo.com,52740
Rohit Patel,9364515583,rohitpatel502@gmail.com,102386
Anjali Yadav,9265597954,anjaliyadav268@gmail.com,88824
Vikas Kumar,9934972928,vikaskumar659@yahoo.com,111724
Vikas Kumar,9640281686,vikaskumar867@yahoo.com,96548
Karan Desai,9978987964,karandesai439@gmail.com,130938
Pooja Kumar,9905357370,poojakumar915@gmail.com,139834
Anjali Kumar,9347719814,anjalikumar119@outlook.com,149158
Rohit Gupta,9094725167,rohitgupta491@outlook.com,132491
Pooja Mehta,9063007182,poojamehta607@gmail.com,114863
Vikas Desai,9137506771,vikasdesai610@gmail.com,116745
Vikas Kumar,9252311235,vikaskumar805@gmail.com,147788
Anjali Joshi,9740945843,anjalijoshi364@outlook.com,113998
Rohit Sharma,9977161300,rohitsharma764@gmail.com,34329
Amit Joshi,9964499583,amitjoshi216@gmail.com,145949
Karan Joshi,9843195238,karanjoshi929@gmail.com,40646
Sneha Singh,9827560915,snehasingh364@gmail.com,102116
Pooja Desai,9982661273,poojadesai113@yahoo.com,112672
Rohit Joshi,9401669217,rohitjoshi626@gmail.com,123387
Anjali Gupta,9591950860,anjaligupta93@outlook.com,114683
Anjali Mehta,9768771250,anjalimehta440@gmail.com,126417
Anjali Gupta,9096931468,anjaligupta831@gmail.com,34560
Amit Kumar,9364359432,amitkumar920@gmail.com,80152
Pooja Singh,9415609358,poojasingh25@yahoo.com,38988
Anjali Sharma,9715588274,anjalisharma232@yahoo.com,130083
Neha Verma,9394148487,nehaverma56@outlook.com,51546
Amit Kumar,9824138885,amitkumar499@gmail.com,145711
Anjali Yadav,9446282985,anjaliyadav791@gmail.com,68873
Pooja Joshi,9785348240,poojajoshi941@yahoo.com,142460
Karan Singh,9660932572,karansingh928@outlook.com,54755
Rahul Gupta,9093123246,rahulgupta683@gmail.com,145013
Neha Verma,9179705587,nehaverma932@outlook.com,85517
Priya Yadav,9604433813,priyayadav539@gmail.com,122664
Karan Patel,9145442837,karanpatel435@outlook.com,127660
Sneha Yadav,9645616108,snehayadav79@yahoo.com,90898
Anjali Joshi,9990521710,anjalijoshi962@gmail.com,69164
Rahul Patel,9609237669,rahulpatel467@outlook.com,115583
Neha Patel,9534121248,nehapatel808@outlook.com,120101
Karan Sharma,9699407387,karansharma979@gmail.com,114180
Sneha Kumar,9582017147,snehakumar893@outlook.com,90356
Rahul Kumar,9942252531,rahulkumar70@gmail.com,145717
Priya Verma,9064302295,priyaverma952@yahoo.com,105123
Neha Mehta,9995148695,nehamehta841@yahoo.com,72755
Amit Mehta,9952923137,amitmehta861@gmail.com,137562
Amit Yadav,9334275707,amityadav395@gmail.com,72196
Anjali Patel,9197234566,anjalipatel804@outlook.com,95119
Amit Yadav,9001533644,amityadav321@yahoo.com,38414
Karan Gupta,9759028194,karangupta852@outlook.com,96831
Rohit Mehta,9192347044,rohitmehta970@outlook.com,50557
Karan Singh,9951065308,karansingh790@yahoo.com,134275
Priya Verma,9948959829,priyaverma951@gmail.com,148042
Neha Mehta,9831975160,nehamehta700@outlook.com,47575
Pooja Singh,9570204216,poojasingh282@yahoo.com,56637
Anjali Mehta,9165297513,anjalimehta911@outlook.com,60865
Priya Verma,9192356067,priyaverma645@gmail.com,109691
Priya Sharma,9317062205,priyasharma373@gmail.com,76048
Anjali Yadav,9616845312,anjaliyadav107@gmail.com,87751
Karan Kumar,9048406417,karankumar249@outlook.com,36010
Amit Patel,9491624787,amitpatel271@gmail.com,94848
Priya Joshi,9736602718,priyajoshi61@gmail.com,126470
Amit Gupta,9407976275,amitgupta745@outlook.com,137809
Amit Gupta,9334724966,amitgupta997@outlook.com,123508
Amit Desai,9171005722,amitdesai975@outlook.com,97854
Neha Yadav,9205126263,nehayadav622@gmail.com,111528
Vikas Verma,9750618225,vikasverma818@outlook.com,46566
Amit Desai,9651511863,amitdesai614@outlook.com,133345
Pooja Desai,9724994489,poojadesai209@gmail.com,145277
Rahul Yadav,9197405714,rahulyadav702@outlook.com,73850
Priya Verma,9135446590,priyaverma476@gmail.com,100668
Vikas Gupta,9913226887,vikasgupta674@yahoo.com,120835
Anjali Joshi,9172913817,anjalijoshi472@outlook.com,103319
Sneha Sharma,9208322504,snehasharma933@outlook.com,45885
Neha Kumar,9892065956,nehakumar761@gmail.com,92699
Anjali Sharma,9359222879,anjalisharma799@yahoo.com,131842
Amit Patel,9157957954,amitpatel615@gmail.com,104422
Rohit Gupta,9085311231,rohitgupta509@yahoo.com,102500
Sneha Desai,9904512410,snehadesai163@yahoo.com,55368
Anjali Verma,9735207899,anjaliverma58@yahoo.com,50367
Pooja Joshi,9457543477,poojajoshi873@outlook.com,52827
Karan Sharma,9055482467,karansharma138@yahoo.com,71287
Anjali Mehta,9049833144,anjalimehta102@outlook.com,135446
Karan Desai,9632682159,karandesai359@gmail.com,60301
Amit Verma,9665737475,amitverma902@gmail.com,52129
Amit Yadav,9711242498,amityadav451@gmail.com,117676
Rohit Mehta,9141075044,rohitmehta92@outlook.com,132517
Rohit Verma,9490818908,rohitverma779@outlook.com,97696
Neha Singh,9913991373,nehasingh515@yahoo.com,50879
Rahul Joshi,9174928332,rahuljoshi825@gmail.com,85461
Priya Kumar,9768974109,priyakumar302@outlook.com,125279
Neha Gupta,9892209943,nehagupta817@outlook.com,87791
Rahul Desai,9880680459,rahuldesai759@yahoo.com,35656
Rahul Verma,9030386183,rahulverma522@yahoo.com,132727
Amit Kumar,9868325264,amitkumar889@gmail.com,145796
Karan Joshi,9076939020,karanjoshi511@yahoo.com,149649
Pooja Verma,9312449235,poojaverma797@yahoo.com,117233
Pooja Sharma,9851962202,poojasharma637@outlook.com,142288
Sneha Verma,9444292500,snehaverma597@outlook.com,119771
Vikas Kumar,9006705399,vikaskumar647@gmail.com,72847
Amit Mehta,9486629267,amitmehta769@outlook.com,138767
Karan Yadav,9289138103,karanyadav442@yahoo.com,36506
Neha Mehta,9761735516,nehamehta790@yahoo.com,113563
Neha Patel,9408275298,nehapatel425@outlook.com,105469
Pooja Mehta,9042961719,poojamehta662@gmail.com,147635
Priya Sharma,9950856252,priyasharma741@outlook.com,75275
Pooja Gupta,9323798570,poojagupta705@gmail.com,68603
Anjali Yadav,9457374644,anjaliyadav745@gmail.com,123769
Sneha Yadav,9101709195,snehayadav807@gmail.com,138883
Rahul Joshi,9981074015,rahuljoshi37@outlook.com,140746
Rahul Verma,9020236411,rahulverma380@yahoo.com,53301
Rohit Patel,9014509470,rohitpatel232@yahoo.com,105037
Neha Desai,9305171400,nehadesai505@outlook.com,37955
Amit Mehta,9760243293,amitmehta797@outlook.com,100069
Rohit Yadav,9834814274,rohityadav928@yahoo.com,91065
Rahul Kumar,9618170690,rahulkumar658@gmail.com,63294
Rohit Mehta,9704298790,rohitmehta582@gmail.com,45435
Neha Joshi,9019179463,nehajoshi564@yahoo.com,130732
Priya Joshi,9793141083,priyajoshi433@yahoo.com,48869
Anjali Mehta,9126590199,anjalimehta355@outlook.com,114004
Sneha Patel,9034245884,snehapatel599@yahoo.com,132037
Rohit Desai,9396445365,rohitdesai573@gmail.com,128752
Rahul Kumar,9467139119,rahulkumar944@gmail.com,109329
Pooja Verma,9191233947,poojaverma664@gmail.com,146439
Amit Patel,9205110336,amitpatel683@outlook.com,140118
Pooja Yadav,9761088993,poojayadav474@outlook.com,82263
Karan Sharma,9503810861,karansharma283@gmail.com,99181
Anjali Joshi,9503965350,anjalijoshi35@yahoo.com,85242
Priya Verma,9616329080,priyaverma381@outlook.com,120957
Karan Yadav,9004936153,karanyadav752@yahoo.com,118612
Anjali Mehta,9609909927,anjalimehta357@gmail.com,125647
Anjali Joshi,9620950162,anjalijoshi918@outlook.com,147119
Rohit Verma,9746541244,rohitverma850@gmail.com,115920
Rohit Sharma,9543627824,rohitsharma848@outlook.com,68225
Vikas Sharma,9363083110,vikassharma761@yahoo.com,109722
Priya Singh,9022207084,priyasingh515@gmail.com,59031
Anjali Yadav,9604801107,anjaliyadav889@gmail.com,130858
Rohit Joshi,9447439516,rohitjoshi130@outlook.com,127271
Vikas Joshi,9319144113,vikasjoshi776@yahoo.com,122773
Rohit Singh,9619177816,rohitsingh372@outlook.com,76487
Karan Patel,9371565716,karanpatel314@outlook.com,89863
Priya Patel,9747307714,priyapatel113@gmail.com,79303
Rohit Verma,9391005671,rohitverma751@gmail.com,99828
Karan Patel,9472007791,karanpatel422@outlook.com,104555
Neha Kumar,9603910509,nehakumar126@gmail.com,90355
Anjali Joshi,9331212530,anjalijoshi556@yahoo.com,133285
Pooja Yadav,9060882870,poojayadav782@yahoo.com,55831
Rohit Yadav,9864502597,rohityadav924@gmail.com,113503
Sneha Mehta,9994850317,snehamehta531@outlook.com,104089
Karan Yadav,9439427231,karanyadav690@outlook.com,102719
Neha Gupta,9799057787,nehagupta520@outlook.com,95136
Anjali Yadav,9193483919,anjaliyadav227@gmail.com,63538
Rohit Mehta,9209854477,rohitmehta38@gmail.com,72945
Karan Yadav,9809720040,karanyadav476@outlook.com,40467
Rohit Sharma,9347217752,rohitsharma155@gmail.com,70667
Rohit Mehta,9542183972,rohitmehta760@gmail.com,64380
Rohit Verma,9513547581,rohitverma9@yahoo.com,88466
Sneha Yadav,9091209573,snehayadav859@yahoo.com,58446
Karan Mehta,9216375312,karanmehta123@gmail.com,68696
Priya Yadav,9634818119,priyayadav557@yahoo.com,131400
Anjali Desai,9573967878,anjalidesai102@gmail.com,88745
Vikas Joshi,9422079452,vikasjoshi846@yahoo.com,111641
Karan Verma,9712258344,karanverma534@outlook.com,100573
Neha Joshi,9199896177,nehajoshi271@outlook.com,124651
Anjali Patel,9246389856,anjalipatel65@yahoo.com,34926
Rohit Yadav,9948700295,rohityadav154@outlook.com,117315
Vikas Sharma,9406162494,vikassharma915@outlook.com,98542
Vikas Sharma,9090367242,vikassharma27@gmail.com,44393
Neha Sharma,9733663692,nehasharma204@yahoo.com,34307
Priya Yadav,9181571435,priyayadav676@outlook.com,48436
Vikas Gupta,9452543157,vikasgupta432@gmail.com,92553
Anjali Kumar,9838065279,anjalikumar657@yahoo.com,121160
Vikas Kumar,9865389425,vikaskumar544@outlook.com,130028
Anjali Desai,9169643368,anjalidesai266@outlook.com,102623
Neha Desai,9160172945,nehadesai934@outlook.com,44202
Rahul Gupta,9062690697,rahulgupta34@gmail.com,57051
Pooja Patel,9364063908,poojapatel780@gmail.com,114307
Sneha Singh,9489053634,snehasingh933@gmail.com,94788
Anjali Joshi,9298322603,anjalijoshi992@yahoo.com,63687
Priya Yadav,9606691122,priyayadav41@yahoo.com,93369
Rohit Mehta,9657327149,rohitmehta379@gmail.com,47741
Priya Joshi,9217512737,priyajoshi319@gmail.com,87195
Rohit Verma,9076156969,rohitverma739@outlook.com,53504
Neha Yadav,9547029004,nehayadav419@yahoo.com,62427
Vikas Desai,9724585516,vikasdesai567@outlook.com,100765
Rahul Kumar,9479043496,rahulkumar986@gmail.com,49770
Vikas Gupta,9647890475,vikasgupta568@outlook.com,138302
Priya Sharma,9205894173,priyasharma233@outlook.com,148056
Amit Desai,9328794428,amitdesai719@yahoo.com,64899
Neha Mehta,9193289651,nehamehta989@outlook.com,145529
Sneha Patel,9649224733,snehapatel536@outlook.com,101263
Neha Joshi,9398863503,nehajoshi734@yahoo.com,68526
Vikas Kumar,9373835004,vikaskumar487@gmail.com,39297
Rohit Sharma,9753669070,rohitsharma515@yahoo.com,95377
Rohit Mehta,9736679925,rohitmehta684@outlook.com,138726
Rohit Mehta,9622621983,rohitmehta863@yahoo.com,112828
Sneha Joshi,9658154297,snehajoshi547@yahoo.com,80688
Anjali Joshi,9501267978,anjalijoshi273@yahoo.com,137133
Karan Patel,9511254638,karanpatel947@outlook.com,74890
Pooja Patel,9286515798,poojapatel580@outlook.com,84709
Rohit Singh,9956402644,rohitsingh974@yahoo.com,144248
Sneha Patel,9291956833,snehapatel861@outlook.com,147189
Neha Verma,9200333316,nehaverma380@outlook.com,104018
Priya Desai,9172078463,priyadesai33@gmail.com,78691
Rohit Joshi,9369536208,rohitjoshi997@yahoo.com,67352
Pooja Patel,9912906534,poojapatel358@outlook.com,144497
Sneha Yadav,9272378935,snehayadav787@outlook.com,139380
Rahul Yadav,9547618461,rahulyadav830@outlook.com,90257
Amit Gupta,9907311176,amitgupta991@gmail.com,133951
Amit Joshi,9142604941,amitjoshi993@outlook.com,68464
Amit Sharma,9386675756,amitsharma800@gmail.com,81822
Neha Sharma,9198752597,nehasharma198@gmail.com,32671
Anjali Verma,9468988239,anjaliverma853@outlook.com,47448
Priya Patel,9592154676,priyapatel807@yahoo.com,39498
Anjali Yadav,9659146144,anjaliyadav279@outlook.com,90548
Karan Gupta,9344104906,karangupta280@yahoo.com,69666
Priya Yadav,9831294776,priyayadav101@outlook.com,40862
Amit Patel,9998624080,amitpatel764@gmail.com,91465
Neha Kumar,9166281393,nehakumar495@gmail.com,100872
Priya Sharma,9181506513,priyasharma146@gmail.com,47802
Neha Desai,9011978879,nehadesai25@outlook.com,139460
Vikas Yadav,9365089787,vikasyadav607@gmail.com,43764
Priya Verma,9990418320,priyaverma319@yahoo.com,142904
Neha Joshi,9887192429,nehajoshi252@yahoo.com,129150
Rohit Yadav,9794912020,rohityadav548@yahoo.com,30202
Pooja Joshi,9611624606,poojajoshi342@gmail.com,123058
Priya Sharma,9554678265,priyasharma260@gmail.com,64180
Priya Singh,9435785475,priyasingh771@outlook.com,74499
Rahul Desai,9123430284,rahuldesai898@gmail.com,98923
Priya Joshi,9313536388,priyajoshi226@gmail.com,58270
Rahul Yadav,9808186712,rahulyadav560@yahoo.com,82466
Neha Desai,9926002425,nehadesai364@outlook.com,105642
Pooja Patel,9634588657,poojapatel419@outlook.com,66228
Rahul Mehta,9134470302,rahulmehta822@yahoo.com,39346
Anjali Sharma,9388076427,anjalisharma668@gmail.com,73514
Pooja Sharma,9771058494,poojasharma558@yahoo.com,141244
Pooja Mehta,9590849749,poojamehta55@yahoo.com,130890
Rohit Gupta,9480423042,rohitgupta617@yahoo.com,37979
Neha Desai,9741306894,nehadesai423@gmail.com,85537
Sneha Gupta,9784730660,snehagupta753@outlook.com,121665
Sneha Gupta,9196646134,snehagupta179@outlook.com,130076
Anjali Sharma,9461361603,anjalisharma673@gmail.com,52262
Sneha Patel,9781679774,snehapatel637@outlook.com,148253
Pooja Desai,9755176427,poojadesai829@outlook.com,106513
Priya Verma,9770128394,priyaverma466@gmail.com,149388
Rohit Kumar,9569979414,rohitkumar363@yahoo.com,149988
Amit Mehta,9794346800,amitmehta374@gmail.com,49632
Amit Gupta,9278196627,amitgupta507@gmail.com,113718
Priya Mehta,9754549814,priyamehta142@outlook.com,110079
Priya Yadav,9949765958,priyayadav747@gmail.com,66107
Neha Verma,9905284522,nehaverma538@yahoo.com,44658
Sneha Patel,9426344035,snehapatel553@gmail.com,139989
Karan Singh,9155680329,karansingh522@gmail.com,68352
Priya Kumar,9118663736,priyakumar835@gmail.com,46957
Amit Yadav,9435018122,amityadav26@gmail.com,143120
Priya Patel,9975996796,priyapatel691@yahoo.com,59438
Rahul Gupta,9906510727,rahulgupta372@yahoo.com,60882
Sneha Desai,9403122175,snehadesai627@yahoo.com,115038
Priya Joshi,9205119175,priyajoshi75@outlook.com,139114
Neha Mehta,9422474720,nehamehta58@gmail.com,34991
Sneha Sharma,9848208782,snehasharma824@gmail.com,87925
Neha Patel,9216027044,nehapatel565@outlook.com,76457
Pooja Sharma,9293209657,poojasharma946@outlook.com,115148
Rahul Verma,9177549456,rahulverma449@outlook.com,121963
Pooja Yadav,9897823164,poojayadav467@yahoo.com,39182
Rohit Singh,9945099446,rohitsingh575@outlook.com,55379
Sneha Mehta,9550278533,snehamehta444@outlook.com,140664
Rahul Joshi,9326751396,rahuljoshi343@gmail.com,140750
Amit Verma,9295886776,amitverma646@yahoo.com,34043
Priya Verma,9967899640,priyaverma811@yahoo.com,42335
Priya Singh,9330755794,priyasingh320@yahoo.com,82687
Neha Kumar,9281787173,nehakumar690@gmail.com,94895
Vikas Desai,9765323067,vikasdesai344@outlook.com,36677
Anjali Mehta,9704340409,anjalimehta928@yahoo.com,128213
Pooja Desai,9117288983,poojadesai311@gmail.com,65406
Anjali Sharma,9434698720,anjalisharma867@outlook.com,46680
Vikas Yadav,9677776707,vikasyadav866@outlook.com,125904
Sneha Verma,9616609738,snehaverma116@gmail.com,56969
Priya Verma,9027828171,priyaverma344@outlook.com,135921
Rohit Yadav,9885036837,rohityadav709@gmail.com,113599
Rohit Desai,9538946966,rohitdesai415@yahoo.com,113162
Pooja Yadav,9307405244,poojayadav304@gmail.com,123608
Pooja Joshi,9576560391,poojajoshi725@outlook.com,94504
Vikas Joshi,9990552599,vikasjoshi217@yahoo.com,63960
Neha Mehta,9994632654,nehamehta799@gmail.com,143896
Rohit Verma,9635265044,rohitverma665@outlook.com,80291
Amit Joshi,9457343390,amitjoshi921@outlook.com,144600
Neha Kumar,9975680037,nehakumar494@yahoo.com,120147
Vikas Joshi,9671067592,vikasjoshi119@outlook.com,98220
Neha Yadav,9305984229,nehayadav253@yahoo.com,75449
Rohit Kumar,9195390728,rohitkumar511@yahoo.com,102044
Sneha Desai,9267878005,snehadesai575@yahoo.com,99884
Karan Verma,9734936373,karanverma628@outlook.com,66248
Neha Joshi,9431785046,nehajoshi307@gmail.com,128202
Rohit Sharma,9920429108,rohitsharma930@outlook.com,108158
Priya Desai,9774537211,priyadesai266@outlook.com,74333
Priya Joshi,9262087066,priyajoshi509@outlook.com,47100
Priya Mehta,9783125100,priyamehta583@yahoo.com,94053
Pooja Gupta,9273447057,poojagupta909@yahoo.com,142481
Neha Desai,9144478692,nehadesai7@outlook.com,51644
Sneha Desai,9128166016,snehadesai999@gmail.com,68198
Anjali Mehta,9657231483,anjalimehta510@gmail.com,44525
Priya Kumar,9230740360,priyakumar114@yahoo.com,67116
Neha Patel,9921412132,nehapatel582@gmail.com,143424
Karan Sharma,9052553994,karansharma808@gmail.com,129988
Amit Mehta,9424214742,amitmehta560@yahoo.com,59267
Pooja Desai,9507783198,poojadesai364@yahoo.com,128149
Rahul Kumar,9660326079,rahulkumar269@yahoo.com,129811
Anjali Yadav,9461721905,anjaliyadav774@yahoo.com,52410
Pooja Singh,9742078543,poojasingh931@yahoo.com,64811
Neha Kumar,9922121580,nehakumar160@yahoo.com,79685
Rahul Kumar,9776296306,rahulkumar800@gmail.com,147612
Pooja Joshi,9407416560,poojajoshi575@outlook.com,41779
Rahul Gupta,9082795626,rahulgupta894@gmail.com,145408
Rahul Yadav,9125544300,rahulyadav289@yahoo.com,111949
Amit Sharma,9385134726,amitsharma375@yahoo.com,36544
Anjali Verma,9619674670,anjaliverma273@outlook.com,113653
Amit Gupta,9884180131,amitgupta879@outlook.com,46279
Priya Mehta,9627229836,priyamehta802@yahoo.com,86689
Karan Yadav,9750400702,karanyadav162@yahoo.com,117877
Pooja Desai,9740721454,poojadesai241@yahoo.com,132565
Rahul Kumar,9042447398,rahulkumar763@gmail.com,147622
Rohit Yadav,9782061558,rohityadav671@yahoo.com,135376
Neha Joshi,9050425816,nehajoshi57@yahoo.com,81003
Rohit Joshi,9945263661,rohitjoshi549@gmail.com,54244
Priya Joshi,9178396376,priyajoshi990@gmail.com,124135
Vikas Patel,9831085298,vikaspatel610@yahoo.com,48116
Priya Verma,9529865564,priyaverma925@gmail.com,95057
Rohit Sharma,9017055452,rohitsharma417@yahoo.com,140397
Rohit Gupta,9253772017,rohitgupta195@outlook.com,36354
Rahul Yadav,9631675594,rahulyadav106@outlook.com,57883
Vikas Yadav,9564388994,vikasyadav29@yahoo.com,46928
Rahul Mehta,9697827133,rahulmehta567@outlook.com,124203
Pooja Yadav,9352792534,poojayadav357@outlook.com,58023
Pooja Patel,9914632136,poojapatel53@gmail.com,102342
Neha Yadav,9825676873,nehayadav310@gmail.com,86177
Amit Desai,9536347731,amitdesai585@gmail.com,136582
Pooja Kumar,9486524887,poojakumar885@outlook.com,78374
Sneha Mehta,9835587123,snehamehta801@outlook.com,74116
Pooja Desai,9524998396,poojadesai204@outlook.com,33504
Priya Gupta,9674757424,priyagupta28@yahoo.com,92032
Anjali Joshi,9337572634,anjalijoshi587@gmail.com,60497
Rahul Joshi,9094946342,rahuljoshi492@gmail.com,78973
Sneha Verma,9381832426,snehaverma712@gmail.com,97068
Vikas Singh,9494417006,vikassingh138@gmail.com,83131
Karan Joshi,9199767039,karanjoshi595@yahoo.com,102987
Anjali Desai,9299139197,anjalidesai725@gmail.com,136344
Anjali Yadav,9641610623,anjaliyadav363@yahoo.com,95576
Pooja Kumar,9750353151,poojakumar980@outlook.com,107044
Amit Kumar,9869337577,amitkumar891@outlook.com,68889
Karan Patel,9650361412,karanpatel921@yahoo.com,93263
Priya Singh,9594572454,priyasingh252@gmail.com,36175
Priya Singh,9590464574,priyasingh610@outlook.com,127874
Karan Verma,9591999842,karanverma920@gmail.com,55166
Priya Mehta,9205150820,priyamehta751@outlook.com,89969
Priya Desai,9457399431,priyadesai135@gmail.com,42554
Pooja Kumar,9610514153,poojakumar255@yahoo.com,85653
Karan Patel,9834124081,karanpatel92@outlook.com,84230
Amit Joshi,9722005869,amitjoshi892@gmail.com,115508
Anjali Sharma,9484481158,anjalisharma601@gmail.com,110358
Amit Singh,9859723610,amitsingh906@outlook.com,105987
Pooja Yadav,9200892366,poojayadav921@gmail.com,77341
Karan Kumar,9379418939,karankumar245@yahoo.com,128711
Rahul Sharma,9586672918,rahulsharma754@gmail.com,90180
Priya Singh,9652352206,priyasingh700@yahoo.com,135707
Priya Kumar,9901306110,priyakumar231@gmail.com,136665
Rohit Sharma,9762704139,rohitsharma881@yahoo.com,140119
Vikas Mehta,9895930691,vikasmehta255@yahoo.com,83883
Priya Gupta,9614808891,priyagupta502@gmail.com,51325
Vikas Patel,9738557129,vikaspatel12@gmail.com,85523
Anjali Desai,9277165023,anjalidesai559@gmail.com,79922
Rohit Patel,9733356066,rohitpatel817@gmail.com,117740
Sneha Gupta,9797129506,snehagupta408@yahoo.com,81336
Anjali Gupta,9296168992,anjaligupta770@yahoo.com,132845
Karan Kumar,9689360679,karankumar938@gmail.com,35029
Karan Desai,9173978693,karandesai443@outlook.com,127381
Pooja Gupta,9716553387,poojagupta437@outlook.com,77827
Neha Patel,9546412116,nehapatel806@yahoo.com,147651
Neha Joshi,9395985389,nehajoshi48@outlook.com,138552
Anjali Patel,9692827064,anjalipatel14@outlook.com,30685
Rahul Gupta,9658926779,rahulgupta92@outlook.com,44540
Priya Kumar,9412707854,priyakumar870@gmail.com,42849
Karan Singh,9573368523,karansingh479@gmail.com,34159
Sneha Kumar,9448016666,snehakumar229@gmail.com,125972
Neha Patel,9861590689,nehapatel626@gmail.com,103957
Priya Gupta,9540776582,priyagupta464@outlook.com,142967
Anjali Kumar,9143451196,anjalikumar412@yahoo.com,122178
Vikas Kumar,9674794468,vikaskumar138@yahoo.com,98645
Neha Desai,9173150798,nehadesai497@yahoo.com,56994
Karan Desai,9768924519,karandesai27@gmail.com,93315
Sneha Kumar,9178320232,snehakumar559@gmail.com,42429
Anjali Desai,9283844342,anjalidesai695@outlook.com,60487
Anjali Joshi,9476591595,anjalijoshi788@yahoo.com,119588
Priya Joshi,9319949184,priyajoshi476@outlook.com,144524
Priya Yadav,9561897399,priyayadav203@outlook.com,110356
Karan Mehta,9163848578,karanmehta18@yahoo.com,87621
Priya Sharma,9685270129,priyasharma477@gmail.com,101114
Anjali Singh,9663922531,anjalisingh499@outlook.com,101628
Pooja Yadav,9130791844,poojayadav750@gmail.com,32188
Karan Kumar,9476507734,karankumar923@outlook.com,92951
Priya Patel,9857662581,priyapatel634@outlook.com,92094
Neha Patel,9334318473,nehapatel125@outlook.com,56081
Priya Mehta,9898565810,priyamehta210@yahoo.com,111703
Vikas Singh,9957142667,vikassingh596@outlook.com,49317
Neha Patel,9132301989,nehapatel52@gmail.com,79258
Sneha Kumar,9821561404,snehakumar468@gmail.com,40217
Sneha Gupta,9542148483,snehagupta708@gmail.com,43753
Karan Mehta,9546302869,karanmehta331@gmail.com,35131
Sneha Joshi,9307918054,snehajoshi595@gmail.com,102896
Anjali Mehta,9672707745,anjalimehta151@gmail.com,30288
Priya Patel,9122828201,priyapatel626@outlook.com,135040
Priya Gupta,9885073656,priyagupta458@gmail.com,36049
Rohit Patel,9066840459,rohitpatel992@gmail.com,72267
Amit Joshi,9807166630,amitjoshi85@gmail.com,72347
Neha Sharma,9752985958,nehasharma339@gmail.com,95702
Anjali Patel,9538904391,anjalipatel342@outlook.com,71599
Amit Mehta,9696357491,amitmehta497@yahoo.com,43507
Neha Patel,9951167742,nehapatel370@gmail.com,41314
Sneha Sharma,9040507137,snehasharma205@gmail.com,113938
Priya Kumar,9073558497,priyakumar902@gmail.com,48032
Neha Mehta,9374999169,nehamehta554@outlook.com,142785
Amit Patel,9384368457,amitpatel291@gmail.com,58331
Neha Sharma,9509679086,nehasharma775@yahoo.com,120176
Rahul Gupta,9551383361,rahulgupta452@outlook.com,136248
Neha Patel,9654710266,nehapatel661@yahoo.com,124318
Amit Kumar,9803122789,amitkumar441@yahoo.com,141621
Sneha Verma,9165076933,snehaverma276@yahoo.com,142015
Vikas Kumar,9343842293,vikaskumar875@gmail.com,62048
Neha Gupta,9816806222,nehagupta660@outlook.com,78611
Amit Verma,9098989919,amitverma267@gmail.com,95633
Anjali Singh,9323860104,anjalisingh262@gmail.com,105302
Karan Patel,9810657306,karanpatel980@yahoo.com,57599
Priya Desai,9351158149,priyadesai15@gmail.com,42377
Rohit Gupta,9964848717,rohitgupta336@gmail.com,135182
Neha Mehta,9882923009,nehamehta314@gmail.com,38674
Karan Desai,9523836917,karandesai862@yahoo.com,107685
Anjali Patel,9309079827,anjalipatel963@yahoo.com,117048
Rahul Sharma,9977347230,rahulsharma994@outlook.com,103042
Vikas Kumar,9759998635,vikaskumar70@outlook.com,52078
Sneha Kumar,9029704370,snehakumar875@yahoo.com,146812
Rohit Verma,9624774910,rohitverma850@gmail.com,149223
Amit Desai,9572637244,amitdesai94@yahoo.com,90471
Amit Sharma,9289060763,amitsharma237@gmail.com,79880
Rahul Mehta,9800736370,rahulmehta957@outlook.com,66322
Rahul Yadav,9447635489,rahulyadav565@gmail.com,53874
Vikas Sharma,9772850102,vikassharma269@gmail.com,82717
Vikas Desai,9916334094,vikasdesai763@gmail.com,139528
Priya Kumar,9074132007,priyakumar558@outlook.com,39853
Karan Singh,9808795253,karansingh950@outlook.com,49254
Pooja Desai,9367714631,poojadesai676@outlook.com,142706
Vikas Singh,9034527995,vikassingh563@outlook.com,83656
Priya Yadav,9255931363,priyayadav117@yahoo.com,81289
Anjali Joshi,9837574633,anjalijoshi28@outlook.com,128877
Priya Sharma,9623704720,priyasharma812@outlook.com,98069
Amit Kumar,9960489787,amitkumar770@yahoo.com,109164
Neha Sharma,9065827520,nehasharma564@gmail.com,131057
Sneha Desai,9795079083,snehadesai154@outlook.com,47971
Sneha Yadav,9643997545,snehayadav427@gmail.com,83149
Karan Mehta,9414259295,karanmehta37@gmail.com,138907
Sneha Sharma,9826570360,snehasharma318@yahoo.com,46870
Pooja Singh,9861121861,poojasingh435@outlook.com,51577
Vikas Desai,9915697118,vikasdesai351@outlook.com,136331
Sneha Kumar,9678294302,snehakumar82@outlook.com,36711
Rahul Singh,9136218946,rahulsingh812@gmail.com,76990
Vikas Sharma,9045320402,vikassharma928@yahoo.com,41746
Neha Joshi,9735137683,nehajoshi944@yahoo.com,79638
Anjali Verma,9159247819,anjaliverma685@outlook.com,77524
Karan Yadav,9352319718,karanyadav183@yahoo.com,146642
Pooja Patel,9633944757,poojapatel174@outlook.com,70182
Neha Sharma,9805692806,nehasharma67@outlook.com,100425
Sneha Mehta,9807545259,snehamehta408@gmail.com,95088
Neha Joshi,9127469241,nehajoshi408@yahoo.com,143457
Sneha Patel,9233566762,snehapatel262@yahoo.com,71817
Pooja Gupta,9726438333,poojagupta198@gmail.com,117753
Anjali Patel,9302238469,anjalipatel420@outlook.com,140095
Karan Yadav,9163646480,karanyadav500@gmail.com,139306
Neha Yadav,9987303288,nehayadav120@yahoo.com,145490
Karan Joshi,9681962752,karanjoshi190@gmail.com,53751
Amit Kumar,9172075894,amitkumar156@gmail.com,106907
Sneha Patel,9473872681,snehapatel180@gmail.com,131993
Amit Sharma,9656007040,amitsharma687@gmail.com,144436
Amit Singh,9291594836,amitsingh958@gmail.com,34172
Vikas Verma,9305873966,vikasverma65@outlook.com,95590
Vikas Desai,9991606679,vikasdesai71@gmail.com,84240
Pooja Mehta,9357049396,poojamehta56@gmail.com,141419
Anjali Patel,9829382673,anjalipatel390@yahoo.com,122612
Pooja Desai,9344870974,poojadesai276@gmail.com,141316
Amit Gupta,9458572466,amitgupta156@gmail.com,97352
Amit Singh,9675145490,amitsingh628@gmail.com,54785
Anjali Mehta,9593754222,anjalimehta463@gmail.com,80555
Neha Gupta,9168095324,nehagupta752@yahoo.com,115311
Anjali Joshi,9891957721,anjalijoshi550@yahoo.com,113708
Vikas Yadav,9492555436,vikasyadav234@outlook.com,78912
Amit Gupta,9790815110,amitgupta655@outlook.com,130169
Anjali Yadav,9881145904,anjaliyadav520@gmail.com,86077
Rahul Yadav,9399468587,rahulyadav928@yahoo.com,115682
Sneha Kumar,9606706249,snehakumar781@gmail.com,111769
Anjali Sharma,9626209107,anjalisharma222@gmail.com,87690
Rohit Yadav,9902678954,rohityadav70@outlook.com,149867
Anjali Yadav,9101148854,anjaliyadav246@yahoo.com,62799
Neha Singh,9886710852,nehasingh802@gmail.com,118895
Rohit Patel,9931731773,rohitpatel489@outlook.com,103598
Rahul Patel,9070916733,rahulpatel887@yahoo.com,81530
Karan Verma,9669409888,karanverma428@yahoo.com,148305
Karan Verma,9580158640,karanverma944@gmail.com,65313
Priya Joshi,9835182648,priyajoshi480@outlook.com,67319
Rahul Verma,9319079287,rahulverma757@yahoo.com,71751
Rahul Mehta,9737427175,rahulmehta689@gmail.com,69317
Priya Kumar,9147746490,priyakumar607@yahoo.com,54230
Neha Desai,9664515668,nehadesai651@outlook.com,138647
Sneha Gupta,9307619955,snehagupta671@outlook.com,49333
Rahul Mehta,9389296584,rahulmehta353@yahoo.com,64363
Rahul Desai,9143230426,rahuldesai61@outlook.com,49935
Pooja Joshi,9847121905,poojajoshi139@outlook.com,142002
Pooja Yadav,9442056136,poojayadav214@yahoo.com,106427
Neha Gupta,9044950761,nehagupta736@gmail.com,138776
Neha Yadav,9921191765,nehayadav189@gmail.com,81455
Sneha Mehta,9648720534,snehamehta202@yahoo.com,146455
Neha Kumar,9676332948,nehakumar775@yahoo.com,32664
Neha Kumar,9116031998,nehakumar625@gmail.com,100293
Priya Joshi,9825668075,priyajoshi631@gmail.com,64319
Rohit Joshi,9349286063,rohitjoshi633@outlook.com,127481
Rahul Yadav,9724971155,rahulyadav903@outlook.com,127712
Priya Yadav,9463214263,priyayadav691@yahoo.com,65808
Neha Patel,9255105170,nehapatel337@yahoo.com,121113
Rahul Gupta,9784060921,rahulgupta488@yahoo.com,31218
Rohit Joshi,9592302743,rohitjoshi895@outlook.com,53807
Amit Kumar,9179224991,amitkumar577@gmail.com,96878
Amit Patel,9028266721,amitpatel146@outlook.com,95515
Karan Desai,9716689258,karandesai522@yahoo.com,79498
Karan Gupta,9794223977,karangupta988@outlook.com,147301
Karan Yadav,9816848977,karanyadav32@gmail.com,137041
Vikas Kumar,9098012636,vikaskumar536@gmail.com,67244
Amit Verma,9824798513,amitverma199@yahoo.com,129944
Vikas Kumar,9960905104,vikaskumar802@outlook.com,97228
Rahul Singh,9679794124,rahulsingh49@outlook.com,88902
Priya Kumar,9644414573,priyakumar607@outlook.com,96307
Sneha Gupta,9656107197,snehagupta366@outlook.com,100524
Vikas Singh,9080437960,vikassingh123@yahoo.com,101186
Priya Sharma,9042495575,priyasharma488@yahoo.com,51678
Priya Patel,9389588577,priyapatel267@gmail.com,86822
Priya Desai,9669214702,priyadesai635@yahoo.com,149755
Rahul Joshi,9285577316,rahuljoshi237@yahoo.com,92012
Pooja Kumar,9717682511,poojakumar403@outlook.com,92132
Amit Gupta,9269131615,amitgupta312@gmail.com,109040
Priya Singh,9397355035,priyasingh120@gmail.com,86268
Pooja Desai,9434373726,poojadesai925@yahoo.com,36623
Karan Desai,9856628980,karandesai587@yahoo.com,118465
Amit Yadav,9690451507,amityadav116@gmail.com,36066
Anjali Sharma,9587694188,anjalisharma287@outlook.com,44283
Pooja Mehta,9737921533,poojamehta57@gmail.com,112776
Sneha Patel,9838272514,snehapatel56@yahoo.com,56933
Rahul Joshi,9971348539,rahuljoshi330@outlook.com,113072
Anjali Patel,9359998318,anjalipatel979@yahoo.com,89896
Rahul Patel,9140971580,rahulpatel925@yahoo.com,48297
Sneha Verma,9588019014,snehaverma901@gmail.com,76916
Pooja Desai,9852122876,poojadesai570@gmail.com,68500
Vikas Mehta,9797435021,vikasmehta48@yahoo.com,57131
Neha Mehta,9159640340,nehamehta806@yahoo.com,109736
Amit Verma,9490388679,amitverma256@outlook.com,123649
Rahul Sharma,9455162339,rahulsharma859@outlook.com,120819
Karan Singh,9219217764,karansingh210@outlook.com,57107
Rahul Joshi,9427368246,rahuljoshi539@yahoo.com,129339
Pooja Singh,9173858904,poojasingh989@yahoo.com,131622
Pooja Sharma,9962788279,poojasharma435@gmail.com,60217
Priya Kumar,9416851951,priyakumar11@gmail.com,30938
Anjali Yadav,9501289384,anjaliyadav10@yahoo.com,56755
Priya Mehta,9681088395,priyamehta110@gmail.com,121174
Rahul Gupta,9213388782,rahulgupta139@yahoo.com,54380
Pooja Joshi,9825829174,poojajoshi216@yahoo.com,122716
Pooja Mehta,9994172618,poojamehta179@outlook.com,70186
Rahul Desai,9817712523,rahuldesai592@gmail.com,111336
Neha Yadav,9659564179,nehayadav56@gmail.com,56858
Amit Mehta,9540635564,amitmehta323@yahoo.com,47962
Sneha Yadav,9821214277,snehayadav596@gmail.com,149699
Priya Yadav,9180696104,priyayadav743@gmail.com,63421
Anjali Gupta,9695867620,anjaligupta987@outlook.com,109399
Amit Gupta,9661125579,amitgupta601@outlook.com,53843
Rahul Singh,9819844791,rahulsingh160@outlook.com,86801
Neha Joshi,9984733818,nehajoshi711@yahoo.com,135707
Sneha Mehta,9608383286,snehamehta827@outlook.com,134462
Anjali Singh,9455908258,anjalisingh84@yahoo.com,125820
Vikas Sharma,9912560122,vikassharma847@gmail.com,77996
Priya Yadav,9703437961,priyayadav47@yahoo.com,52779
Rohit Desai,9392554400,rohitdesai307@gmail.com,120868
Pooja Desai,9681756176,poojadesai857@outlook.com,98678
Vikas Joshi,9603174036,vikasjoshi150@outlook.com,106482
Priya Verma,9115716622,priyaverma643@yahoo.com,112692
Rohit Gupta,9564298064,rohitgupta123@outlook.com,55683
Rahul Verma,9401223860,rahulverma753@gmail.com,44198
Vikas Gupta,9725139351,vikasgupta67@gmail.com,35648
Neha Gupta,9334466049,nehagupta779@outlook.com,104436
Vikas Yadav,9257966171,vikasyadav462@gmail.com,124770
Rohit Patel,9174366543,rohitpatel208@gmail.com,127812
Karan Desai,9383708296,karandesai941@yahoo.com,58631
Vikas Gupta,9418692271,vikasgupta181@gmail.com,65144
Karan Patel,9952594797,karanpatel100@outlook.com,80008
Rahul Mehta,9341094032,rahulmehta643@gmail.com,148766
Pooja Singh,9536218531,poojasingh882@yahoo.com,60078
Vikas Desai,9817183104,vikasdesai767@yahoo.com,65030
Priya Patel,9063888215,priyapatel420@gmail.com,87200
Karan Patel,9033671262,karanpatel538@gmail.com,92229
Sneha Sharma,9526167337,snehasharma268@yahoo.com,86457
Amit Sharma,9500987975,amitsharma475@outlook.com,76774
Pooja Singh,9336801281,poojasingh252@gmail.com,138793
Karan Kumar,9099777828,karankumar221@gmail.com,86249
Rohit Kumar,9631690119,rohitkumar78@yahoo.com,79887
Pooja Yadav,9415144555,poojayadav86@yahoo.com,95985
Amit Gupta,9992956820,amitgupta577@yahoo.com,46736
Anjali Joshi,9077752447,anjalijoshi574@gmail.com,105309
Sneha Kumar,9089535323,snehakumar677@gmail.com,118378
Karan Desai,9309409917,karandesai880@outlook.com,78520
Priya Joshi,9819874463,priyajoshi769@outlook.com,77799
Rohit Sharma,9950510437,rohitsharma753@gmail.com,58736
Sneha Sharma,9202615925,snehasharma389@gmail.com,92772
Anjali Desai,9579945556,anjalidesai438@yahoo.com,86227
Anjali Kumar,9354008938,anjalikumar698@outlook.com,30629
Anjali Desai,9242035851,anjalidesai373@outlook.com,67808
Neha Verma,9889941936,nehaverma835@outlook.com,119811
Amit Sharma,9368565397,amitsharma703@yahoo.com,43207
Neha Kumar,9055594690,nehakumar759@gmail.com,106409
Karan Yadav,9869950846,karanyadav127@yahoo.com,120610
Vikas Verma,9145203589,vikasverma556@yahoo.com,32759
Neha Desai,9765113037,nehadesai228@gmail.com,81336
Rohit Patel,9591195316,rohitpatel507@gmail.com,36152
Neha Sharma,9567559336,nehasharma360@yahoo.com,85283
Anjali Verma,9847977284,anjaliverma29@yahoo.com,47010
Pooja Patel,9655102068,poojapatel131@outlook.com,38932
Anjali Sharma,9040055843,anjalisharma679@yahoo.com,91870
Rohit Patel,9433020718,rohitpatel776@outlook.com,146863
Neha Verma,9091903718,nehaverma134@yahoo.com,85285
Sneha Desai,9579940151,snehadesai152@outlook.com,46338
Anjali Gupta,9720457036,anjaligupta930@outlook.com,48156
Rahul Verma,9926750282,rahulverma834@outlook.com,149933
Pooja Mehta,9273097441,poojamehta601@yahoo.com,91631
Karan Sharma,9667517326,karansharma961@gmail.com,113767
Priya Mehta,9321086031,priyamehta176@gmail.com,100538
Neha Gupta,9063802146,nehagupta273@outlook.com,145148
Neha Patel,9279947849,nehapatel618@yahoo.com,33383
Rohit Verma,9803100276,rohitverma549@outlook.com,92059
Sneha Kumar,9540948755,snehakumar908@gmail.com,116066
Neha Kumar,9027982738,nehakumar364@gmail.com,73498
Priya Verma,9156737749,priyaverma545@yahoo.com,93723
Amit Yadav,9221123274,amityadav529@yahoo.com,110117
Rohit Kumar,9639318628,rohitkumar206@outlook.com,94455
Vikas Sharma,9742487413,vikassharma312@yahoo.com,76413
Neha Joshi,9659853425,nehajoshi555@yahoo.com,145610
Priya Desai,9296189186,priyadesai662@outlook.com,33872
Vikas Verma,9541005476,vikasverma364@gmail.com,34449
Neha Sharma,9743430880,nehasharma849@outlook.com,49185
Anjali Verma,9724053034,anjaliverma34@gmail.com,148296
Rohit Kumar,9737380652,rohitkumar592@gmail.com,93049
Karan Sharma,9593086296,karansharma352@yahoo.com,70043
Sneha Verma,9696625317,snehaverma469@gmail.com,57988
Anjali Patel,9917331491,anjalipatel792@outlook.com,48253
Karan Joshi,9070236852,karanjoshi984@gmail.com,46265
Rohit Joshi,9145891612,rohitjoshi611@yahoo.com,33917
Vikas Patel,9912957988,vikaspatel561@gmail.com,148281
Rahul Sharma,9880315053,rahulsharma717@gmail.com,143963
Amit Desai,9518768299,amitdesai468@outlook.com,49334
Vikas Sharma,9306153168,vikassharma231@outlook.com,143213
Rohit Yadav,9456153188,rohityadav544@gmail.com,91200
Vikas Verma,9511253087,vikasverma803@gmail.com,79199
Amit Desai,9856257536,amitdesai799@gmail.com,42692
Amit Desai,9358944773,amitdesai106@gmail.com,145914
Sneha Verma,9049563035,snehaverma790@yahoo.com,38600
Priya Kumar,9938235088,priyakumar774@gmail.com,141685
Priya Patel,9840804359,priyapatel478@gmail.com,82505
Rohit Gupta,9695973759,rohitgupta248@outlook.com,48719
Sneha Desai,9561412679,snehadesai936@outlook.com,33653
Amit Patel,9724282866,amitpatel34@gmail.com,37910
Vikas Patel,9942345810,vikaspatel123@yahoo.com,133743
Neha Desai,9465522916,nehadesai615@outlook.com,118842
Priya Mehta,9871459583,priyamehta407@yahoo.com,50217
Neha Sharma,9862722850,nehasharma30@yahoo.com,129270
Rahul Gupta,9166002599,rahulgupta689@gmail.com,116384
Pooja Patel,9805346976,poojapatel791@outlook.com,116812
Karan Mehta,9756844153,karanmehta197@yahoo.com,78128
Karan Verma,9435014294,karanverma3@yahoo.com,112034
Pooja Kumar,9760806375,poojakumar856@outlook.com,33499
Priya Mehta,9697057168,priyamehta719@gmail.com,118800
Pooja Kumar,9903590020,poojakumar215@outlook.com,137383
Priya Yadav,9702762234,priyayadav560@outlook.com,71435
Neha Verma,9662061861,nehaverma377@gmail.com,63215
Vikas Desai,9672510753,vikasdesai47@outlook.com,116993
Neha Kumar,9533703993,nehakumar256@yahoo.com,73685
Sneha Verma,9033415294,snehaverma861@yahoo.com,76892
Amit Yadav,9315359605,amityadav522@gmail.com,71499
Rahul Yadav,9060439849,rahulyadav87@yahoo.com,63915
Amit Patel,9831786961,amitpatel288@yahoo.com,74432
Amit Desai,9103334286,amitdesai138@outlook.com,119847
Sneha Sharma,9435058639,snehasharma439@gmail.com,59562
Sneha Desai,9145852965,snehadesai728@yahoo.com,107360
Karan Desai,9949973109,karandesai166@gmail.com,89727
Karan Sharma,9845399501,karansharma517@outlook.com,33107
Pooja Sharma,9724553044,poojasharma132@gmail.com,120117
Pooja Kumar,9029388293,poojakumar724@outlook.com,33277
Karan Singh,9938880271,karansingh452@gmail.com,127806
Sneha Kumar,9099278702,snehakumar223@gmail.com,69926
Amit Yadav,9513634852,amityadav661@gmail.com,105726
Rahul Singh,9457819561,rahulsingh172@gmail.com,124163
Vikas Patel,9070445589,vikaspatel537@gmail.com,75456
Neha Yadav,9984779310,nehayadav363@outlook.com,117773
Karan Kumar,9454931174,karankumar329@yahoo.com,96673
Priya Patel,9050388370,priyapatel382@outlook.com,140029
Karan Singh,9161304486,karansingh74@yahoo.com,140010
Sneha Gupta,9330750185,snehagupta866@gmail.com,133588
Priya Verma,9364872694,priyaverma900@yahoo.com,117265
Anjali Patel,9302612727,anjalipatel10@outlook.com,66310
Sneha Kumar,9407818136,snehakumar2@yahoo.com,89459
Vikas Joshi,9665927998,vikasjoshi467@gmail.com,120882
Karan Mehta,9070705630,karanmehta339@gmail.com,94485
Neha Patel,9976845585,nehapatel174@gmail.com,64173
Vikas Yadav,9067132985,vikasyadav225@outlook.com,108134
Neha Desai,9122889780,nehadesai635@yahoo.com,49354
Sneha Gupta,9235034809,snehagupta839@gmail.com,133998
Rohit Yadav,9581916547,rohityadav90@gmail.com,80064
Vikas Sharma,9820463116,vikassharma958@gmail.com,93898
Rohit Mehta,9057268875,rohitmehta539@yahoo.com,130663
Vikas Mehta,9142135942,vikasmehta589@outlook.com,105691
Rahul Verma,9226609018,rahulverma15@gmail.com,72563
Rahul Kumar,9606357041,rahulkumar779@yahoo.com,108778
Vikas Desai,9920546541,vikasdesai354@yahoo.com,122093
Amit Patel,9322697035,amitpatel820@outlook.com,77397
Anjali Mehta,9858361563,anjalimehta71@outlook.com,147346
Karan Verma,9054627034,karanverma592@outlook.com,53445
Rahul Gupta,9286447631,rahulgupta301@gmail.com,35691
Amit Mehta,9444590578,amitmehta150@outlook.com,47596
Rohit Gupta,9956668261,rohitgupta159@gmail.com,30940
Amit Yadav,9416261615,amityadav50@gmail.com,142743
Rohit Desai,9377323780,rohitdesai969@outlook.com,126905
Anjali Mehta,9713737173,anjalimehta884@outlook.com,92941
Vikas Mehta,9691729529,vikasmehta140@gmail.com,66621
Amit Desai,9182645598,amitdesai690@yahoo.com,139154
